[
  {
    "baseType": 3,
    "name": "NAGIOS_CONTACTGROUPNAME",
    "defaultValue": "",
    "description": "",
    "helpText": "",
    "isSystem": false,
    "minLength": 0,
    "maxLength": 30,
    "validationRegex": "",
    "isValidate": false,
    "uuid": "b94c1bab-759b-486b-8f6b-c9dd3feb3c00"
  },
  {
    "baseType": 3,
    "name": "NAGIOS_HOSTDISPLAYNAME",
    "defaultValue": "",
    "description": "",
    "helpText": "",
    "isSystem": false,
    "minLength": 0,
    "maxLength": 100,
    "validationRegex": "",
    "isValidate": false,
    "uuid": "1b31d5c6-e005-4a12-af33-043d6d19b6d4"
  },
  {
    "baseType": 3,
    "name": "NAGIOS_HOSTNAME",
    "defaultValue": "",
    "description": "",
    "helpText": "",
    "isSystem": false,
    "minLength": 0,
    "maxLength": 100,
    "validationRegex": "",
    "isValidate": false,
    "uuid": "a4e5286c-30ae-40ee-ae8d-97e749c37f5e"
  },
  {
    "baseType": 3,
    "name": "NAGIOS_HOSTOUTPUT",
    "defaultValue": "",
    "description": "",
    "helpText": "",
    "isSystem": false,
    "minLength": 0,
    "maxLength": 1000,
    "validationRegex": "",
    "isValidate": false,
    "uuid": "9ef879e8-0494-4b9c-bbd3-aaa6fc6d9830"
  },
  {
    "baseType": 3,
    "name": "NAGIOS_HOSTSTATE",
    "defaultValue": "",
    "description": "",
    "helpText": "",
    "isSystem": false,
    "minLength": 0,
    "maxLength": 30,
    "validationRegex": "",
    "isValidate": false,
    "uuid": "43ef8bee-2ab7-4f3c-9a99-7358802c7351"
  },
  {
    "baseType": 3,
    "name": "NAGIOS_LASTHOSTSTATECHANGE",
    "defaultValue": "",
    "description": "",
    "helpText": "",
    "isSystem": false,
    "minLength": 0,
    "maxLength": 30,
    "validationRegex": "",
    "isValidate": false,
    "uuid": "157ea263-4270-45ce-b272-5039224499cd"
  },
  {
    "baseType": 3,
    "name": "NAGIOS_LASTSERVICESTATECHANGE",
    "defaultValue": "",
    "description": "",
    "helpText": "",
    "isSystem": false,
    "minLength": 0,
    "maxLength": 30,
    "validationRegex": "",
    "isValidate": false,
    "uuid": "28c18f8e-3ae0-47c7-aa47-f2b524674a57"
  },
  {
    "baseType": 3,
    "name": "NAGIOS_NOTIFICATIONAUTHOR",
    "defaultValue": "",
    "description": "",
    "helpText": "",
    "isSystem": false,
    "minLength": 0,
    "maxLength": 30,
    "validationRegex": "",
    "isValidate": false,
    "uuid": "a9b28d4f-778c-4158-9bdd-d9e2d0769015"
  },
  {
    "baseType": 3,
    "name": "NAGIOS_NOTIFICATIONCOMMENT",
    "defaultValue": "",
    "description": "",
    "helpText": "",
    "isSystem": false,
    "minLength": 0,
    "maxLength": 1000,
    "validationRegex": "",
    "isValidate": false,
    "uuid": "09ec43e3-0365-4333-891d-db78243e0e9a"
  },
  {
    "baseType": 3,
    "name": "NAGIOS_NOTIFICATIONTYPE",
    "defaultValue": "",
    "description": "",
    "helpText": "",
    "isSystem": false,
    "minLength": 0,
    "maxLength": 30,
    "validationRegex": "",
    "isValidate": false,
    "uuid": "652bb379-52ca-4539-a8a4-4ef3653260cc"
  },
  {
    "baseType": 3,
    "name": "NAGIOS_SERVICEDESC",
    "defaultValue": "",
    "description": "",
    "helpText": "",
    "isSystem": false,
    "minLength": 0,
    "maxLength": 1000,
    "validationRegex": "",
    "isValidate": false,
    "uuid": "e6822e2f-6c1d-48ed-96bc-17ce013b3062"
  },
  {
    "baseType": 3,
    "name": "NAGIOS_SERVICEOUTPUT",
    "defaultValue": "",
    "description": "",
    "helpText": "",
    "isSystem": false,
    "minLength": 0,
    "maxLength": 1000,
    "validationRegex": "",
    "isValidate": false,
    "uuid": "8085272e-0a41-45c2-b90f-fe3537130d0e"
  },
  {
    "baseType": 3,
    "name": "NAGIOS_SERVICESTATE",
    "defaultValue": "",
    "description": "",
    "helpText": "",
    "isSystem": false,
    "minLength": 0,
    "maxLength": 30,
    "validationRegex": "",
    "isValidate": false,
    "uuid": "c910d971-a586-49dc-bf97-c68b7208ac68"
  },
  {
    "baseType": 3,
    "name": "NAGIOS_TIMET",
    "defaultValue": "",
    "description": "",
    "helpText": "",
    "isSystem": false,
    "minLength": 0,
    "maxLength": 30,
    "validationRegex": "",
    "isValidate": false,
    "uuid": "baea9695-bd5f-46db-a441-6d4478e8c581"
  }
]