{
  "integrations": [
    {
      "id": "2a60db88-03ea-459c-93ee-5c45555c0911",
      "name": "New Host Notification",
      "action": "RUN_SCRIPT",
      "type": "INBOUND_WEBHOOK",
      "deployed": true,
      "form": "178e893c-7951-4e87-9f5d-283c85a4b9b7",
      "environment": "HOSTED",
      "authType": "URL",
      "createdBy": "FLOW",
      "integrationScriptStepUuid": "040825b2-1195-465b-a228-327aee0c4a8d"
    },
    {
      "id": "ee31cec7-63c1-4eda-9eac-fd5e46a148af",
      "name": "New Service Notification",
      "action": "RUN_SCRIPT",
      "type": "INBOUND_WEBHOOK",
      "deployed": true,
      "form": "90a6d931-14b5-4301-9878-c0d4d278bd25",
      "environment": "HOSTED",
      "authType": "URL",
      "createdBy": "FLOW",
      "integrationScriptStepUuid": "de42b96f-e950-41b3-a5c8-57a65849ce45"
    }
  ],
  "endpoints": [],
  "constants": []
}