[
  {
    "id": "040825b2-1195-465b-a228-327aee0c4a8d",
    "name": "Nagios Host Alarm",
    "description": "Inbound from Nagios",
    "icon": "http://s3-xmatters-static.s3.amazonaws.com/null/customers/99cee7bb-651f-4a52-b7fe-3a9af00d22f9/IMAGE__20191009180553941__nagios_small.png",
    "script": "\n\nvar moment = require( 'moment' );\nrequire( 'moment-timezone' );\n\n\n// Parse the incoming data into a javascript object\nvar data = JSON.parse( request.body.replace( /\\\\/g, \"\\\\\\\\\") );\n\nif( data.NAGIOS_LASTHOSTSTATECHANGE !== null )\n    data.NAGIOS_LASTHOSTSTATECHANGE =    moment( data.NAGIOS_LASTHOSTSTATECHANGE*1000 ).tz( 'America/New_York' ).format( 'MMM Do hh:mm z [EST]' );\n\n\nif( data.NAGIOS_TIMET !== null ) \n    data.NAGIOS_TIMET = moment( data.NAGIOS_TIMET*1000 ).tz( 'America/New_York' ).format( 'MMM Do hh:mm z [EST]' );\n    \n\noutput['NAGIOS_CONTACTGROUPNAME']       = data.NAGIOS_CONTACTGROUPNAME;\noutput['NAGIOS_HOSTDISPLAYNAME']        = data.NAGIOS_HOSTDISPLAYNAME;\noutput['NAGIOS_HOSTNAME']               = data.NAGIOS_HOSTNAME;\noutput['NAGIOS_HOSTOUTPUT']             = data.NAGIOS_HOSTOUTPUT;\noutput['NAGIOS_HOSTSTATE']              = data.NAGIOS_HOSTSTATE;\noutput['NAGIOS_LASTHOSTSTATECHANGE']    = data.NAGIOS_LASTHOSTSTATECHANGE;\noutput['NAGIOS_NOTIFICATIONAUTHOR']     = data.NAGIOS_NOTIFICATIONAUTHOR;\noutput['NAGIOS_NOTIFICATIONCOMMENT']    = data.NAGIOS_NOTIFICATIONCOMMENT;\noutput['NAGIOS_NOTIFICATIONTYPE']       = data.NAGIOS_NOTIFICATIONTYPE;\noutput['NAGIOS_TIMET']                  = data.NAGIOS_TIMET;\n\n\n",
    "allowedEnvironment": "HOSTED",
    "accessibleByAll": "NotShared",
    "scriptStepType": "CUSTOM_HTTP",
    "inputs": [],
    "outputs": [
      {
        "id": "0a536f0d-b43d-4ded-8ec0-76f5ce389670",
        "name": "NAGIOS_CONTACTGROUPNAME",
        "position": 0
      },
      {
        "id": "253678b2-0fef-491c-b133-a08e6442c9d6",
        "name": "NAGIOS_HOSTDISPLAYNAME",
        "position": 1
      },
      {
        "id": "94d91ed7-59a6-47bb-9dc4-941c5c965a0a",
        "name": "NAGIOS_HOSTNAME",
        "position": 2
      },
      {
        "id": "a2e4bf6d-1bb2-44e8-964b-99cd0b4c1949",
        "name": "NAGIOS_HOSTOUTPUT",
        "position": 3
      },
      {
        "id": "12ce96f2-2e62-47e6-95c5-035f19c2c352",
        "name": "NAGIOS_HOSTSTATE",
        "position": 4
      },
      {
        "id": "28a6c1a3-80d7-4820-b52b-1aa2f4c5ea25",
        "name": "NAGIOS_LASTHOSTSTATECHANGE",
        "position": 5
      },
      {
        "id": "72fba588-2deb-464b-b63a-a9b85fcc2c8c",
        "name": "NAGIOS_NOTIFICATIONAUTHOR",
        "position": 6
      },
      {
        "id": "d13a877a-8ee8-45d1-9b98-843f8d80df6d",
        "name": "NAGIOS_NOTIFICATIONCOMMENT",
        "position": 7
      },
      {
        "id": "c7598d9b-64eb-4408-8dac-c094e2e1656e",
        "name": "NAGIOS_NOTIFICATIONTYPE",
        "position": 8
      },
      {
        "id": "0bdab612-e995-4f2a-b23b-c9e547d826a3",
        "name": "NAGIOS_TIMET",
        "position": 9
      }
    ]
  },
  {
    "id": "de42b96f-e950-41b3-a5c8-57a65849ce45",
    "name": "Nagios Service Alarm",
    "description": "Inbound from Nagios Service",
    "icon": "http://s3-xmatters-static.s3.amazonaws.com/null/customers/99cee7bb-651f-4a52-b7fe-3a9af00d22f9/IMAGE__20191009180553941__nagios_small.png",
    "script": "\n\nvar moment = require( 'moment' );\nrequire( 'moment-timezone' );\n\n\n// Parse the incoming data into a javascript object\nvar data = JSON.parse( request.body.replace( /\\\\/g, \"\\\\\\\\\") );\n\nif( data.NAGIOS_LASTSERVICESTATECHANGE !== null )\n    data.NAGIOS_LASTSERVICESTATECHANGE =    moment( data.NAGIOS_LASTSERVICESTATECHANGE*1000 ).tz( 'America/New_York' ).format( 'MMM Do hh:mm z [EST]' );\n\n\nif( data.NAGIOS_TIMET !== null ) \n    data.NAGIOS_TIMET = moment( data.NAGIOS_TIMET*1000 ).tz( 'America/New_York' ).format( 'MMM Do hh:mm z [EST]' );\n    \n\noutput['NAGIOS_CONTACTGROUPNAME']       = data.NAGIOS_CONTACTGROUPNAME\noutput['NAGIOS_LASTSERVICESTATECHANGE'] = data.NAGIOS_LASTSERVICESTATECHANGE\noutput['NAGIOS_NOTIFICATIONAUTHOR']     = data.NAGIOS_NOTIFICATIONAUTHOR\noutput['NAGIOS_NOTIFICATIONCOMMENT']    = data.NAGIOS_NOTIFICATIONCOMMENT\noutput['NAGIOS_NOTIFICATIONTYPE']       = data.NAGIOS_NOTIFICATIONTYPE\noutput['NAGIOS_SERVICEDESC']            = data.NAGIOS_SERVICEDESC\noutput['NAGIOS_SERVICEOUTPUT']          = data.NAGIOS_SERVICEOUTPUT\noutput['NAGIOS_SERVICESTATE']           = data.NAGIOS_SERVICESTATE\n\noutput['NAGIOS_TIMET']                  = data.NAGIOS_TIMET;\n\n\n",
    "allowedEnvironment": "HOSTED",
    "accessibleByAll": "NotShared",
    "scriptStepType": "CUSTOM_HTTP",
    "inputs": [],
    "outputs": [
      {
        "id": "03971c39-868f-44ae-a790-c2c12909d76b",
        "name": "NAGIOS_CONTACTGROUPNAME",
        "position": 0
      },
      {
        "id": "b0163f3b-d1a6-439b-8e14-21119615d532",
        "name": "NAGIOS_LASTSERVICESTATECHANGE",
        "position": 1
      },
      {
        "id": "01774db9-896f-48cc-a7a8-7fe6ab5949fd",
        "name": "NAGIOS_NOTIFICATIONAUTHOR",
        "position": 2
      },
      {
        "id": "2bf7e47c-043d-4841-99a4-122e9ed9af76",
        "name": "NAGIOS_NOTIFICATIONCOMMENT",
        "position": 3
      },
      {
        "id": "5329e43a-3f62-4eed-aded-d33022b6100c",
        "name": "NAGIOS_NOTIFICATIONTYPE",
        "position": 4
      },
      {
        "id": "1367e4b0-3cb2-4eed-be99-13296c3c129c",
        "name": "NAGIOS_SERVICEDESC",
        "position": 5
      },
      {
        "id": "aa67a378-9a1b-4cb5-8e84-9d3003933f60",
        "name": "NAGIOS_SERVICEOUTPUT",
        "position": 6
      },
      {
        "id": "d37a56d7-b140-4580-a3bd-fecef189e894",
        "name": "NAGIOS_SERVICESTATE",
        "position": 7
      },
      {
        "id": "06a382a4-afcf-44ae-a8c9-a06aa21a7eb1",
        "name": "NAGIOS_TIMET",
        "position": 8
      }
    ]
  }
]