{
  "integrations": [
    {
      "id": "64778bbe-0f7c-424d-b867-ded5243d0d82",
      "name": "Inbound from Application XYZ",
      "action": "CREATE_EVENT",
      "type": "INBOUND_WEBHOOK",
      "deployed": true,
      "form": "a6156d1e-f58f-4d5f-af5e-9c062d8ed817",
      "script": "\n// Parse data from incoming payload and construct the trigger object\nvar data = JSON.parse(request.body);\n\n\nvar properties = {\n  \"Title\":      data.title,\n  \"Summary\":    data.summary,\n  \"Some other\": data.other\n};\n\n// Attach to the trigger object\ntrigger.properties = properties;\n\n\n// We'll rely on using the recipients set in the form layout\nform.post( trigger );\n",
      "environment": "HOSTED"
    }
  ],
  "endpoints": [],
  "constants": []
}