{
  "integrations": [
    {
      "id": "dc84cf82-94a9-4cf6-a1cb-27acea7dae60",
      "name": "Inbound Service Notification from Nagios",
      "action": "CREATE_EVENT",
      "type": "INBOUND_WEBHOOK",
      "deployed": true,
      "form": "4f8f09c0-e8d0-4e5c-b403-d3e0abeed6f6",
      "script": "var moment = require( 'moment' );\nrequire( 'moment-timezone' );\n\n\n// Parse the incoming data into a javascript object\nvar data = JSON.parse( request.body );\n\nif( data.NAGIOS_LASTHOSTSTATECHANGE !== null )\n    data.NAGIOS_LASTHOSTSTATECHANGE =    moment( data.NAGIOS_LASTHOSTSTATECHANGE*1000 ).tz( 'America/New_York' ).format( 'MMM Do hh:mm z [EST]' );\n\nif( data.NAGIOS_LASTSERVICESTATECHANGE !== null )\n    data.NAGIOS_LASTSERVICESTATECHANGE = moment( data.NAGIOS_LASTSERVICESTATECHANGE*1000 ).tz( 'America/New_York' ).format( 'MMM Do hh:mm z [EST]' );\n\nif( data.NAGIOS_TIMET !== null ) \n    data.NAGIOS_TIMET = moment( data.NAGIOS_TIMET*1000 ).tz( 'America/New_York' ).format( 'MMM Do hh:mm z [EST]' );\n    \ntrigger.properties = {\t\n  \"NAGIOS_CONTACTGROUPNAME\":       data.NAGIOS_CONTACTGROUPNAME,\n  \"NAGIOS_HOSTDISPLAYNAME\":        data.NAGIOS_HOSTDISPLAYNAME,\n  \"NAGIOS_HOSTNAME\":               data.NAGIOS_HOSTNAME,\n  \"NAGIOS_HOSTOUTPUT\":             data.NAGIOS_HOSTOUTPUT,\n  \"NAGIOS_HOSTSTATE\":              data.NAGIOS_HOSTSTATE,\n  \"NAGIOS_LASTHOSTSTATECHANGE\":    data.NAGIOS_LASTHOSTSTATECHANGE,\n  \"NAGIOS_LASTSERVICESTATECHANGE\": data.NAGIOS_LASTSERVICESTATECHANGE,\n  \"NAGIOS_NOTIFICATIONAUTHOR\":     data.NAGIOS_NOTIFICATIONAUTHOR,\n  \"NAGIOS_NOTIFICATIONCOMMENT\":    data.NAGIOS_NOTIFICATIONCOMMENT,\n  \"NAGIOS_NOTIFICATIONTYPE\":       data.NAGIOS_NOTIFICATIONTYPE,\n  \"NAGIOS_SERVICEDESC\":            data.NAGIOS_SERVICEDESC,\n  \"NAGIOS_SERVICEOUTPUT\":          data.NAGIOS_SERVICEOUTPUT,\n  \"NAGIOS_SERVICESTATE\":           data.NAGIOS_SERVICESTATE,\n  \"NAGIOS_TIMET\":                  data.NAGIOS_TIMET\n};\n\n\n  \n\ntrigger.recipients = [{ \"targetName\": \"Database\" }];\n\nform.post( trigger );\n\n",
      "environment": "HOSTED"
    }
  ],
  "endpoints": [],
  "constants": []
}