{
  "name": "New Host Notification Workflow",
  "form": "178e893c-7951-4e87-9f5d-283c85a4b9b7",
  "blocks": [
    {
      "id": "64459eb7-315c-41e6-87b2-309f52e3fdab",
      "label": "Event Count",
      "presentation": "{\"w\":60,\"x\":510,\"h\":60,\"y\":0}",
      "stepType": "SWITCH",
      "inputMappings": [
        {
          "inputPort": "input",
          "mapping": "${a1c455cb-a792-4662-82b2-215c543914a9.Number of Event IDs Returned}"
        }
      ],
      "switchCases": [
        {
          "caseId": "5515078c-772b-4d71-ac84-d11ae4923636",
          "caseValue": "0"
        }
      ]
    },
    {
      "id": "a1c455cb-a792-4662-82b2-215c543914a9",
      "label": "Get Events",
      "presentation": "{\"w\":60,\"x\":340,\"h\":60,\"y\":147}",
      "step": "f36cf6ba-2225-5cb3-831f-030a05527c72",
      "stepType": "SCRIPT_STEP",
      "inputMappings": [
        {
          "inputPort": "input",
          "mapping": "ACTIVE",
          "stepInput": "fa86536b-3508-56de-884b-503596bd64c2"
        },
        {
          "inputPort": "input",
          "mapping": "NAGIOS_HOSTNAME#en",
          "stepInput": "72cd05cc-dfe2-5933-b85c-edcf1df9f56f"
        },
        {
          "inputPort": "input",
          "mapping": "${4f0bd994-4027-442b-bf54-78271666d6e9.NAGIOS_HOSTNAME}",
          "stepInput": "b58893a5-ffaf-502d-982b-613dcd7b2232"
        },
        {
          "inputPort": "input",
          "mapping": "TRUE",
          "stepInput": "3bb89cc9-b89f-5291-9c54-1da7bc6c051a"
        }
      ]
    },
    {
      "id": "c53ad62a-54b3-4644-9b27-6657810e0996",
      "label": "Host State?",
      "presentation": "{\"w\":60,\"x\":170,\"h\":60,\"y\":85}",
      "stepType": "SWITCH",
      "inputMappings": [
        {
          "inputPort": "input",
          "mapping": "${4f0bd994-4027-442b-bf54-78271666d6e9.NAGIOS_HOSTSTATE}"
        }
      ],
      "switchCases": [
        {
          "caseId": "475cabbc-6da2-42b8-a755-c369ce265b99",
          "caseValue": "OK"
        }
      ]
    },
    {
      "id": "4f0bd994-4027-442b-bf54-78271666d6e9",
      "label": "New Host Notification",
      "presentation": "{\"w\":60,\"x\":-5,\"h\":60,\"y\":70}",
      "step": "2a60db88-03ea-459c-93ee-5c45555c0911",
      "stepType": "INTEGRATION"
    },
    {
      "id": "654587cb-2cf2-4170-8158-c2322715f98f",
      "label": "Terminate Events",
      "presentation": "{\"w\":60,\"x\":681,\"h\":60,\"y\":285}",
      "step": "798e3053-b4b4-5e8c-ba84-8a11c3be6237",
      "stepType": "SCRIPT_STEP",
      "inputMappings": [
        {
          "inputPort": "input",
          "mapping": "${a1c455cb-a792-4662-82b2-215c543914a9.Event IDs}",
          "stepInput": "4fdf2591-4925-5682-8911-f0163d7f98dd"
        }
      ]
    },
    {
      "id": "e052b9df-10dc-4b9e-b48d-1559fb8856fe",
      "label": "xMatters Create Event - New Host Notification",
      "presentation": "{\"w\":60,\"x\":516,\"h\":60,\"y\":493}",
      "step": "178e893c-7951-4e87-9f5d-283c85a4b9b7",
      "stepType": "CREATE_EVENT",
      "inputMappings": [
        {
          "inputPort": "input",
          "mapping": "${4f0bd994-4027-442b-bf54-78271666d6e9.NAGIOS_HOSTSTATE}",
          "sectionItemKey": "43ef8bee-2ab7-4f3c-9a99-7358802c7351"
        },
        {
          "inputPort": "input",
          "mapping": "${4f0bd994-4027-442b-bf54-78271666d6e9.NAGIOS_LASTHOSTSTATECHANGE}",
          "sectionItemKey": "157ea263-4270-45ce-b272-5039224499cd"
        },
        {
          "inputPort": "input",
          "mapping": "${4f0bd994-4027-442b-bf54-78271666d6e9.NAGIOS_TIMET}",
          "sectionItemKey": "baea9695-bd5f-46db-a441-6d4478e8c581"
        },
        {
          "inputPort": "input",
          "mapping": "${4f0bd994-4027-442b-bf54-78271666d6e9.NAGIOS_HOSTDISPLAYNAME}",
          "sectionItemKey": "1b31d5c6-e005-4a12-af33-043d6d19b6d4"
        },
        {
          "inputPort": "input",
          "mapping": "${4f0bd994-4027-442b-bf54-78271666d6e9.NAGIOS_HOSTNAME}",
          "sectionItemKey": "a4e5286c-30ae-40ee-ae8d-97e749c37f5e"
        },
        {
          "inputPort": "input",
          "mapping": "${4f0bd994-4027-442b-bf54-78271666d6e9.NAGIOS_HOSTOUTPUT}",
          "sectionItemKey": "9ef879e8-0494-4b9c-bbd3-aaa6fc6d9830"
        },
        {
          "inputPort": "input",
          "mapping": "${4f0bd994-4027-442b-bf54-78271666d6e9.NAGIOS_NOTIFICATIONAUTHOR}",
          "sectionItemKey": "a9b28d4f-778c-4158-9bdd-d9e2d0769015"
        },
        {
          "inputPort": "input",
          "mapping": "${4f0bd994-4027-442b-bf54-78271666d6e9.NAGIOS_NOTIFICATIONTYPE}",
          "sectionItemKey": "652bb379-52ca-4539-a8a4-4ef3653260cc"
        },
        {
          "inputPort": "input",
          "mapping": "${4f0bd994-4027-442b-bf54-78271666d6e9.NAGIOS_NOTIFICATIONCOMMENT}",
          "sectionItemKey": "09ec43e3-0365-4333-891d-db78243e0e9a"
        },
        {
          "inputPort": "input",
          "mapping": "${4f0bd994-4027-442b-bf54-78271666d6e9.NAGIOS_CONTACTGROUPNAME}",
          "sectionItemKey": "b94c1bab-759b-486b-8f6b-c9dd3feb3c00"
        }
      ]
    }
  ],
  "edges": [
    {
      "fromBlock": "a1c455cb-a792-4662-82b2-215c543914a9",
      "fromPort": "output",
      "toBlock": "64459eb7-315c-41e6-87b2-309f52e3fdab",
      "toPort": "input"
    },
    {
      "fromBlock": "c53ad62a-54b3-4644-9b27-6657810e0996",
      "fromPort": "475cabbc-6da2-42b8-a755-c369ce265b99",
      "toBlock": "a1c455cb-a792-4662-82b2-215c543914a9",
      "toPort": "input"
    },
    {
      "fromBlock": "c53ad62a-54b3-4644-9b27-6657810e0996",
      "fromPort": "output",
      "toBlock": "e052b9df-10dc-4b9e-b48d-1559fb8856fe",
      "toPort": "input"
    },
    {
      "fromBlock": "4f0bd994-4027-442b-bf54-78271666d6e9",
      "fromPort": "output",
      "toBlock": "c53ad62a-54b3-4644-9b27-6657810e0996",
      "toPort": "input"
    },
    {
      "fromBlock": "64459eb7-315c-41e6-87b2-309f52e3fdab",
      "fromPort": "output",
      "toBlock": "654587cb-2cf2-4170-8158-c2322715f98f",
      "toPort": "input"
    }
  ]
}