{
  "name": "New Service Notification Workflow",
  "form": "90a6d931-14b5-4301-9878-c0d4d278bd25",
  "blocks": [
    {
      "id": "6d87de24-0b22-4fa7-ab1f-63e61d4aae4a",
      "label": "Event Count",
      "presentation": "{\"w\":60,\"x\":510,\"h\":60,\"y\":0}",
      "stepType": "SWITCH",
      "inputMappings": [
        {
          "inputPort": "input",
          "mapping": "${9cd32aa1-6998-4096-b868-f76ae3d86151.Number of Event IDs Returned}"
        }
      ],
      "switchCases": [
        {
          "caseId": "8a65bc54-5613-4339-9824-c682cbdeb973",
          "caseValue": "0"
        }
      ]
    },
    {
      "id": "9cd32aa1-6998-4096-b868-f76ae3d86151",
      "label": "Get Service Events",
      "presentation": "{\"w\":60,\"x\":340,\"h\":60,\"y\":147}",
      "step": "f36cf6ba-2225-5cb3-831f-030a05527c72",
      "stepType": "SCRIPT_STEP",
      "inputMappings": [
        {
          "inputPort": "input",
          "mapping": "ACTIVE",
          "stepInput": "fa86536b-3508-56de-884b-503596bd64c2"
        },
        {
          "inputPort": "input",
          "mapping": "NAGIOS_SERVICEDESC#en",
          "stepInput": "72cd05cc-dfe2-5933-b85c-edcf1df9f56f"
        },
        {
          "inputPort": "input",
          "mapping": "${49b06fa4-f6f8-409a-9e67-e464b09cd958.NAGIOS_SERVICEDESC}",
          "stepInput": "b58893a5-ffaf-502d-982b-613dcd7b2232"
        },
        {
          "inputPort": "input",
          "mapping": "TRUE",
          "stepInput": "3bb89cc9-b89f-5291-9c54-1da7bc6c051a"
        }
      ]
    },
    {
      "id": "49b06fa4-f6f8-409a-9e67-e464b09cd958",
      "label": "New Service Notification",
      "presentation": "{\"w\":60,\"x\":0,\"h\":60,\"y\":70}",
      "step": "ee31cec7-63c1-4eda-9eac-fd5e46a148af",
      "stepType": "INTEGRATION"
    },
    {
      "id": "7fe0f059-399c-4e97-b29e-13b6867d05fe",
      "label": "Service State?",
      "presentation": "{\"w\":60,\"x\":170,\"h\":60,\"y\":85}",
      "stepType": "SWITCH",
      "inputMappings": [
        {
          "inputPort": "input",
          "mapping": "${49b06fa4-f6f8-409a-9e67-e464b09cd958.NAGIOS_SERVICESTATE}"
        }
      ],
      "switchCases": [
        {
          "caseId": "9e61bfd9-bb95-49f9-9b14-4b8e1c514109",
          "caseValue": "OK"
        }
      ]
    },
    {
      "id": "83396974-e586-46fd-a3fb-163194338efb",
      "label": "Terminate Events",
      "presentation": "{\"w\":60,\"x\":683,\"h\":60,\"y\":285}",
      "step": "798e3053-b4b4-5e8c-ba84-8a11c3be6237",
      "stepType": "SCRIPT_STEP",
      "inputMappings": [
        {
          "inputPort": "input",
          "mapping": "${9cd32aa1-6998-4096-b868-f76ae3d86151.Event IDs}",
          "stepInput": "4fdf2591-4925-5682-8911-f0163d7f98dd"
        }
      ]
    },
    {
      "id": "9a8810b6-f761-47d5-a6e7-3e4b24682a7d",
      "label": "xMatters Create Event - New Service Notification",
      "presentation": "{\"w\":60,\"x\":506,\"h\":60,\"y\":501}",
      "step": "90a6d931-14b5-4301-9878-c0d4d278bd25",
      "stepType": "CREATE_EVENT",
      "inputMappings": [
        {
          "inputPort": "input",
          "mapping": "${49b06fa4-f6f8-409a-9e67-e464b09cd958.NAGIOS_NOTIFICATIONTYPE}",
          "sectionItemKey": "652bb379-52ca-4539-a8a4-4ef3653260cc"
        },
        {
          "inputPort": "input",
          "mapping": "${49b06fa4-f6f8-409a-9e67-e464b09cd958.NAGIOS_SERVICEDESC}",
          "sectionItemKey": "e6822e2f-6c1d-48ed-96bc-17ce013b3062"
        },
        {
          "inputPort": "input",
          "mapping": "${49b06fa4-f6f8-409a-9e67-e464b09cd958.NAGIOS_SERVICEOUTPUT}",
          "sectionItemKey": "8085272e-0a41-45c2-b90f-fe3537130d0e"
        },
        {
          "inputPort": "input",
          "mapping": "${49b06fa4-f6f8-409a-9e67-e464b09cd958.NAGIOS_TIMET}",
          "sectionItemKey": "baea9695-bd5f-46db-a441-6d4478e8c581"
        },
        {
          "inputPort": "input",
          "mapping": "${49b06fa4-f6f8-409a-9e67-e464b09cd958.NAGIOS_LASTSERVICESTATECHANGE}",
          "sectionItemKey": "28c18f8e-3ae0-47c7-aa47-f2b524674a57"
        },
        {
          "inputPort": "input",
          "mapping": "${49b06fa4-f6f8-409a-9e67-e464b09cd958.NAGIOS_SERVICESTATE}",
          "sectionItemKey": "c910d971-a586-49dc-bf97-c68b7208ac68"
        },
        {
          "inputPort": "input",
          "mapping": "${49b06fa4-f6f8-409a-9e67-e464b09cd958.NAGIOS_NOTIFICATIONCOMMENT}",
          "sectionItemKey": "09ec43e3-0365-4333-891d-db78243e0e9a"
        },
        {
          "inputPort": "input",
          "mapping": "${49b06fa4-f6f8-409a-9e67-e464b09cd958.NAGIOS_NOTIFICATIONAUTHOR}",
          "sectionItemKey": "a9b28d4f-778c-4158-9bdd-d9e2d0769015"
        },
        {
          "inputPort": "input",
          "mapping": "${49b06fa4-f6f8-409a-9e67-e464b09cd958.NAGIOS_CONTACTGROUPNAME}",
          "sectionItemKey": "b94c1bab-759b-486b-8f6b-c9dd3feb3c00"
        }
      ]
    }
  ],
  "edges": [
    {
      "fromBlock": "9cd32aa1-6998-4096-b868-f76ae3d86151",
      "fromPort": "output",
      "toBlock": "6d87de24-0b22-4fa7-ab1f-63e61d4aae4a",
      "toPort": "input"
    },
    {
      "fromBlock": "49b06fa4-f6f8-409a-9e67-e464b09cd958",
      "fromPort": "output",
      "toBlock": "7fe0f059-399c-4e97-b29e-13b6867d05fe",
      "toPort": "input"
    },
    {
      "fromBlock": "6d87de24-0b22-4fa7-ab1f-63e61d4aae4a",
      "fromPort": "output",
      "toBlock": "83396974-e586-46fd-a3fb-163194338efb",
      "toPort": "input"
    },
    {
      "fromBlock": "7fe0f059-399c-4e97-b29e-13b6867d05fe",
      "fromPort": "output",
      "toBlock": "9a8810b6-f761-47d5-a6e7-3e4b24682a7d",
      "toPort": "input"
    },
    {
      "fromBlock": "7fe0f059-399c-4e97-b29e-13b6867d05fe",
      "fromPort": "9e61bfd9-bb95-49f9-9b14-4b8e1c514109",
      "toBlock": "9cd32aa1-6998-4096-b868-f76ae3d86151",
      "toPort": "input"
    }
  ]
}